process_id,final_rinse_total_turbidity_liter
20000,747250.3609842652
20006,1546972.4787548075
20007,1142317.815307631
20009,777122.0994960262
20010,693642.5025244937
20012,563680.4031936155
20013,77798.97700832176
20015,261638.2761301712
20020,772902.116260469
20021,568808.2145145636
20022,481479.68288687785
20024,539655.7324411444
20026,385406.1368270936
20027,1117285.1243562766
20028,515067.00374372787
20029,532897.2905583081
20031,5239565.33675905
20032,418623.3726895199
20034,136604.3731356693
20036,428452.1614011411
20038,938967.837106381
20040,965750.8185795633
20041,3588053.3378640623
20048,10189553.283064568
20052,957144.6871684508
20054,519172.1362073041
20055,461291.6801989304
20056,507793.31403988815
20059,91086.76132157378
20060,262919.51297891006
20061,2020136.9344293617
20063,1295100.4523056392
20064,3054492.8413099414
20068,786878.1071411341
20069,1173252.0930201942
20083,168172.39655715198
20090,202083.38648561251
20091,3280849.144943101
20093,4085532.9579895176
20095,537423.2385157774
20099,1253170.5836550514
20101,60919.531703137465
20102,127665.15262781964
20105,179560.36486135176
20106,3421724.522466111
20107,330681.3126562238
20108,645780.40905346
20115,499135.53174624423
20122,613572.7769641986
20127,481476.93150187994
20137,939366.942370475
20139,525067.6637756287
20140,6565078.335055465
20150,956714.8898895277
20156,586888.4112471596
20159,3461470.45305811
20169,314636.17636307795
20170,570839.4000221321
20172,530081.7889800887
20179,6250213.09801638
20180,116674.20197016213
20181,803127.9017250126
20183,1993484.9940148916
20184,863407.1961438537
20186,222245.11270021182
20188,1114061.059312983
20189,749979.965916951
20190,5080188.914584475
20192,901559.6613717617
20193,219461.69866787703
20194,1554391.8232000375
20197,3987351.91545417
20200,94073.61204776107
20202,546192.9769599431
20207,2472322.7644630554
20211,1676903.6883714322
20215,952241.3134972136
20216,686316.8156427183
20217,218795.39180983114
20218,1358767.617363994
20220,1600575.9692643143
20221,504113.76187207625
20224,1224831.8982207412
20228,456357.8116568707
20231,755145.3283910386
20232,17880440.333736524
20233,581160.9783758337
20234,2734854.4748780285
20235,72825.67469484187
20238,597503.6648094732
20240,611337.3769411102
20242,2379805.6593099716
20243,1688041.8645222157
20244,297082.031754916
20249,45825.30386443939
20250,582095.7652143154
20252,332568.51776567375
20253,939521.2640669629
20263,255292.43186004442
20264,3556393.569947335
20268,644114.9140338083
20269,4205247.505795622
20270,2980939.5969507955
20272,520926.29741331434
20275,177891.19973663654
20277,4108693.7012991696
20279,1854829.1969294972
20281,1393002.9130958705
20287,3230692.5920385667
20288,4073438.8065068824
20293,1241756.1703133606
20294,547819.0925745817
20295,1739643.5637713962
20296,605891.7960649349
20298,607248.892369931
20303,1917090.4637387742
20305,284835.5471712451
20306,1988602.2604114912
20307,164847.99274329358
20309,3764199.89089204
20310,6023087.680867837
20311,691648.778955441
20312,74769.65731777006
20313,372149.3945311439
20314,1100529.3935395959
20316,3949406.206530813
20332,3363656.8289161185
20336,3664522.6363749937
20337,1046686.6257468577
20344,721224.8000940508
20345,608384.6097818604
20347,61990.11827350776
20348,519558.5606510608
20350,2166648.9896553424
20355,11454935.900285814
20357,297381.985623802
20358,21125.16140458376
20361,378468.3276668729
20362,127782.65345023401
20366,3768218.1515428415
20370,1156987.276301815
20375,825874.9713936301
20378,120317.27705464422
20379,2101842.04194735
20384,1322309.5497322637
20386,3224435.534493219
20387,181159.37471276658
20389,599459.7494107687
20393,53781.00169895979
20396,605363.2567105815
20397,10815514.755575692
20399,280933.2814787164
20403,750517.9762548653
20404,933264.8775708213
20412,4435090.883141797
20413,285166.9382329139
20420,301178.6177538368
20421,125030.13531312226
20422,21999.152892018283
20423,541416.0238634238
20426,824166.2264360723
20431,2786993.5592160015
20433,611550.9049086142
20434,76533.29863047799
20436,1015825.2901090564
20440,300281.8748891727
20447,4995215.330927703
20448,884053.4663948162
20449,661534.491097556
20453,663326.5231425322
20454,236293.24067964213
20455,324537.0133757579
20457,520427.93664802983
20459,816422.5877616886
20460,571422.7994355602
20463,41467.33984324546
20465,627920.6569308422
20466,952050.0579762176
20467,2980939.596950796
20472,1193072.0941870892
20473,1438907.7099503006
20474,1926589.9074958465
20476,576864.4795637804
20478,220770.57195970457
20484,949482.7674016602
20487,320272.12344661786
20488,3640141.7134390273
20490,495749.184519966
20493,4095108.9038841864
20494,1788063.5061370071
20496,1605676.2081566541
20499,1290650.0279831039
20502,2927980.807592262
20504,279392.49264717975
20506,994472.3073551761
20509,2789559.627150298
20513,344237.80152858596
20515,2129344.0643190504
20522,1514529.9649870605
20524,2401890.9230386754
20536,68488.8841313656
20537,2216499.021206436
20542,939415.1768508537
20543,233499.6108236877
20546,822423.5050539451
20553,951293.5615155802
20554,909705.1494429003
20557,3932717.5939689935
20558,1311589.6235382361
20560,258609.88015336305
20564,1441818.9168872375
20565,605757.2671058606
20566,236566.09205283909
20568,545663.7046869395
20569,614076.9334961452
20570,119141.32792722453
20571,708683.379384171
20574,570036.9403046004
20576,405071.81588572706
20577,9347710.57624255
20578,581143.91436447
20579,670782.6726678548
20580,315257.0269526695
20587,151632.04548527577
20592,539396.5484962693
20593,145920.39084277517
20595,1274880.8333435613
20596,132536.48726857972
20598,265356.2093307508
20599,251340.45594876018
20602,63012.67828582185
20603,301789.85457355867
20605,216785.1932203322
20606,1579850.2495344954
20608,176430.30377965307
20612,56103.85061939103
20613,692294.8667600178
20615,1043921.7918138765
20616,55040.06559099701
20618,549592.9128611451
20619,535933.4681344396
20623,456076.81685008324
20626,662481.3489077996
20627,111329.56371759223
20631,40103.216348892805
20634,2825996.52492613
20635,185792.4527148896
20637,814659.5630059503
20645,73236.34131312225
20652,1526873.4215308863
20656,940177.4659736818
20659,229204.663298315
20660,618685.6071942862
20661,11854170.764987562
20666,2342536.636085787
20667,448517.4368044698
20669,705127.8742402126
20677,956838.4472146418
20681,952010.6147792678
20684,4410179.5181260705
20686,667949.7696177515
20688,542422.1546548379
20689,464460.0575902622
20690,183456.63775263814
20694,18926214.060322337
20695,3722185.5785602867
20700,637479.9323462885
20703,48533.58410961543
20704,866981.9547980598
20707,1725921.470343794
20711,4076703.323008085
20715,134839.24754951143
20718,17809.32185771883
20719,604543.18019417
20720,627298.0559553892
20722,1227429.2549633612
20724,266190.4903292769
20728,1129598.5000104224
20732,145512.73808955587
20734,529704.5853920266
20736,453371.3670216717
20737,1452856.3583627057
20740,3730337.8230679417
20746,166801.56800926296
20748,134839.24754951143
20753,615598.4546465054
20754,5826841.01321038
20756,1528841.3389737334
20757,1023260.8845263742
20759,1784431.4425921887
20760,559980.7688824481
20762,660839.8109902262
20763,1360528.5913420885
20766,1368161.9082079066
20767,1356949.7948447738
20772,74177.60970677334
20778,550117.2490352233
20781,617893.1290418466
20798,693259.9253493656
20801,4100728.28430518
20803,252315.2877327627
20804,2379805.659309971
20808,2812236.3307322217
20811,116144.45385395642
20812,5308329.943289196
20813,3885554.4730646596
20815,510822.18179378065
20816,300287.850495441
20818,1182166.9917284963
20822,534631.3549788048
20823,9993794.617048206
20824,139074.4585350228
20826,1287913.4810266613
20829,2498496.5929448335
20834,1287913.4810266613
20835,630312.0607350428
20837,1317547.6758672085
20840,182454.72039945432
20844,3687201.4259283557
20849,1059639.403776402
20850,608193.8756328999
20853,687951.0829782407
20854,151212.1663467625
20856,724097.1377769165
20857,3709562.9566564932
20859,4102142.799789729
20861,4172116.0250073373
20864,24530156.711667944
20865,3700993.411062617
20866,473812.8356769751
20869,977935.9579278206
20871,494282.7228414606
20872,1966600.3562393829
20875,469246.9555453967
20877,554275.3883140108
20881,313110.0001132492
20882,1520800.5718645887
20884,1714221.124030529
20886,528702.0607102916
20887,19574547.28679661
20891,692549.2914879578
20893,444288.5069726665
20894,3605741.3432360464
20895,4785903.754664669
20896,507561.7215852273
20897,937541.2446260204
20905,91015.70228793894
20906,89398.74580205663
20907,759558.584635182
20909,5049180.261557519
20913,3728594.3725651004
20916,60285.98356644613
20923,1631044.8604552129
20924,7969256.028034352
20926,1217278.2106879656
20930,6764208.574456297
20932,1963942.2340387956
20933,4646114.844097613
20934,883762.3735912986
20935,7646496.839896038
20944,3477007.510516917
20945,4443707.802201238
20947,1815191.1187421414
20948,535617.509085959
20950,583986.5858485012
20955,588163.691379666
20956,635222.2114725455
20957,74994.35467419159
20960,577138.2727808915
20961,88454.02983194725
20962,510419.00535598415
20963,469650.70682336827
20964,651726.0885598082
20969,178043.62146896106
20971,249801.94251093324
20973,705363.1674045798
20979,2497495.799176592
20980,1054012.4571420548
20981,1111189.433846817
20982,1091519.9185646356
20983,284664.8317306695
20985,3618667.4085314022
20992,1241541.529337584
20993,3688636.7097957246
20994,1156252.0492825198
20997,3736498.504207632
21001,640741.9801600751
21002,56228.07108200281
21009,3936379.0834346004
21011,282483.9392596038
21016,268235.6488588645
21017,619976.9264530565
21018,115169.41305686443
21019,159568.20424994416
21021,261217.40280818817
21022,636436.6173346862
21023,69095.06735599937
21026,3410869.2009604005
21030,4056218.3819610216
21033,306139.88732511026
21034,1021892.0328367327
21036,259450.37331999638
21037,2734854.4748780285
21038,534717.028580272
21039,2022091.0987697586
21045,4534355.209159492
21046,10266711.860163547
21048,1268882.076944358
21049,664337.5662369773
21050,1017598.4387918873
21052,2873948.363503436
21055,978398.3041470271
21058,881250.3080394954
21061,4534536.059686805
21063,151949.99309115886
21066,1353746.8474944676
21069,587495.1679822108
21074,1015548.7300310207
21075,4539032.009976047
21076,6502984.364121014
21080,989459.5496873343
21087,2549606.940999121
21088,1291428.6163344055
21089,2360435.3466201993
21092,672354.2353109876
21097,501512.1847429429
21098,1112701.9129015747
21104,1327217.0430222051
21105,720441.2924733317
21107,730491.4437847717
21108,666875.8731801324
21109,266871.83896096423
21112,1297004.1521108616
21113,708155.3272754393
21114,3999194.2303363374
21125,962708.3978542921
21127,2831189.079362741
21128,420265.93761393166
21134,1131415.3719416237
21135,656244.9876859476
21137,674923.5021297907
21140,459772.33143132774
21142,670654.202347794
21144,859394.3658766374
21150,944865.8114941493
21151,181044.74741797947
21154,542305.111972918
21155,1007001.3177801121
21158,655324.0903283262
21160,7994638.022152151
21168,72454.07622554181
21169,428589.742684126
21171,6471842.727765334
21174,239795.25862130878
21175,1300857.5962720353
21177,1816090.9786263567
21178,1030940.3097755248
21181,10779958.089422327
21182,4118978.1441623615
21185,742601.6907119213
21187,587495.6195964182
21189,421570.2067552021
21190,802749.7016108935
21191,792638.8776924375
21193,5439371.924588877
21194,458402.8196628144
21197,657060.9714593883
21199,1131467.5032561433
21204,1133886.0753458266
21205,45498.266189191956
21206,906671.1436178066
21207,534492.1139860448
21210,3918138.653763407
21212,1127404.5646508702
21217,1177976.9588591165
21219,147468.3824391539
21220,621968.0462493323
21221,1765388.5729918298
21233,1502456.5672038365
21238,300117.6529137053
21242,10750848.847192999
21245,669067.2180193367
21246,229705.15929198917
21249,1275728.716635647
21253,348385.5165594047
21255,5267209.721357598
21258,3877986.8924685805
21260,1600575.969264314
21262,287401.55143818806
21264,1538283.685475373
21273,472043.9341281542
21276,572050.2042405601
21279,859292.699434495
21283,89469.23575355805
21284,77699.47781651854
21287,305962.46851186303
21291,890311.0861176203
21292,5123600.112880425
21295,1361917.5719736114
21298,169409.90472198278
21301,21497.00278824781
21303,3774218.5059333006
21306,771945.7150574902
21308,237797.18531776202
21309,127618.77299695954
21310,3980690.4187031398
21315,873617.9073641244
21316,636455.0555497726
21322,636624.0227498129
21323,1206089.5946908214
21324,792248.6123577431
21327,1126915.2335901014
21328,168602.72256556823
21329,677065.9621489693
21330,811582.9883835895
21332,1431737.357694175
21336,3623785.0910471305
21337,3819303.3798751445
21339,377908.6539276961
21341,819809.3750274765
21342,1346323.3895578883
21344,571389.1099631564
21349,681382.7150484592
21350,1031056.1075678278
21351,270683.9139053154
21352,4547459.47640917
21353,1533396.375366619
21359,964779.6990534769
21360,4063284.9506547353
21361,10839930.651679344
21363,462093.40074135095
21365,579159.8345771357
21366,1010261.3175657827
21367,519573.6919590087
21369,3173560.5105408886
21370,16815.11631200167
21373,662118.5439281199
21374,902591.9881434732
21375,1626605.042714798
21378,504601.58891509334
21379,7506040.148385271
21380,601692.8753770816
21382,1951540.253633093
21392,561045.8259293169
21394,3801132.4051986784
21397,361353.6364959179
21398,4298298.737043596
21401,948684.9381068299
21402,342200.91359254037
21404,333949.2242394854
21405,487202.49173014035
21408,3095577.6543821315
21412,285258.8489874851
21416,2390390.9925324814
21417,331049.0979825914
21419,1832487.2871187981
21421,1768808.8564683688
21422,888803.7023618383
21425,4622275.643394027
21428,1309537.1368988706
21430,620559.2031359023
21431,675727.1917020006
21432,334534.46594334196
21433,533025.6810833176
21435,1533393.406856727
21437,767458.1672293696
21438,143799.37621153993
21439,432782.9986626546
21440,18301652.710222434
21443,398284.46931471024
21446,21567861.861212432
21447,297236.32623481407
21456,437851.5121765387
21463,2735263.3606623337
21468,665207.3910782037
21471,1251251.7909233626
21472,857116.8603235247
21476,86167.7834599075
21478,305962.468511863
21480,20011.589960178866
21482,2254754.665425369
21484,1130433.7747488846
21485,166363.33507086406
21486,747231.6158691349
21488,665351.3634059642
21490,1731231.851155655
21496,612311.388882786
21498,2374183.1561744576
21503,688685.0845590906
21504,662360.6477139421
21505,720014.8861908226
21509,626393.9859584721
21511,604727.0429831534
21512,550784.8809411123
21514,564155.0888470747
21518,290771.8935008791
21519,1570162.9479229983
21521,78844.28937545497
21524,417794.35357529024
21529,4926180.560444088
21532,64992.78389130358
21533,4230988.053103962
21537,600764.9132602607
21538,4000447.2480400554
21539,784602.7338630263
21541,1268882.0769443582
21542,3853582.395116045
21544,434367.4223608691
21548,481888.2075582277
21549,629727.9678710736
21551,514657.52182486077
21553,924269.172447677
21555,3546351.086537607
21556,6367559.531102196
21557,579386.0368806372
21561,3887364.956388922
21567,703956.4114904604
21571,178767.57203253914
21575,506323.48043684073
21576,164847.99274329358
21577,53515.52150582008
21579,4885256.281140697
21580,710087.4257180009
21582,576453.7985361617
21585,729738.0257246315
21588,1510565.6687832728
21592,54296.518670549405
21593,576651.4716720895
21595,1091726.7767074131
21596,54501.76418797726
21597,664834.9326502925
21598,377231.34557249956
21604,4247769.913278947
21605,323541.55551427766
21608,5571994.465500643
21611,830760.6453162937
21612,604430.8044983316
21613,921782.045106848
21614,1006332.3908220237
21616,636831.2619038208
21618,1259109.3551651014
21622,3765367.0440453542
21623,73942.48200555463
21625,1212023.4292369832
21626,305048.44037933263
21630,197541.66810101527
21631,589712.9696816943
21632,490526.8203259062
21633,68861.613270611
21634,2505940.333197489
21635,411935.81001872034
21639,1158330.1255149548
21641,1772329.9546747133
21642,645985.0865989224
21643,16540.219540128346
21650,313007.14928545017
21654,489813.64021593716
21657,687331.684985318
21659,3595648.224713647
21660,808095.8968073762
21667,1852883.6245139935
21669,2685748.0310090343
21670,579792.2426630807
21671,83145.23778602903
21672,1509519.5984376876
21673,3757985.607308141
21676,1930516.478983653
21677,1420118.0971020104
21678,5028788.950559016
21681,111863.95822515726
21684,4574672.995063404
21688,19999798.24268954
21689,1186882.8870244436
21690,271480.0538327312
21693,276258.8648110461
21694,729361.8836148896
21697,529996.4329620327
21703,1279804.5098186298
21708,3543407.732321224
21709,198453.4510029257
21710,4084183.1679894165
21711,559168.9499096907
21712,434331.51434030104
21715,513619.6368086572
21716,622286.7292284544
21717,4082649.480439304
21720,159902.88386648463
21724,870347.2460769309
21725,733534.0533899553
21728,1046778.5504037638
21730,3700557.275156719
21732,5268966.201329553
21741,240743.83511811364
21746,2539279.7501610317
21750,486267.6558868153
21751,488187.2446933918
21755,326827.86542121053
21762,1772026.3546070815
21764,2379805.6593099716
21768,626531.5830296453
21769,2175392.950374235
21774,55402.75002408961
21775,130021.4515890209
21779,2652437.8433567993
21780,461616.01932617073
21781,169322.7731412001
21784,3658729.6782652577
21786,1408439.5538870431
21790,279400.76321919635
21795,647225.1457204791
21798,1268413.1757131724
21802,2559343.8126358725
21803,785308.6687497701
21806,1268882.076944358
21807,523176.31861410226
21811,612065.2662724644
21813,79151.16097311025
21830,670654.202347794
21836,569934.213640768
21838,248729.46967261672
21841,1450266.6546219345
21845,944159.6942170449
21848,222479.007266958
21854,294265.96878796234
21856,104720.53069291849
21858,190447.0189151892
21860,937703.5582498303
21862,3935364.697658951
21863,721131.8725922408
21864,1111802.3507934434
21867,547202.495484547
21868,2289386.671024789
21870,55946.42118687536
21871,1428368.5521198018
21874,589104.4800798781
21875,783644.9144624367
21877,1226455.2801207933
21880,152051.29267109072
21882,20805.427956215342
21883,4119369.8438699604
21894,672955.7514138274
21895,1192422.8470011908
21900,4206896.616450627
21904,63302.38973495732
21910,2452817.064703686
21913,237812.07771645277
21920,995157.902361157
21921,748294.6379168974
21924,327055.9576228591
21927,300281.8748891727
21928,1178772.5106684973
21929,355947.73096925527
21934,553827.3211660723
21938,11869989.759783354
21939,16334507.575719794
21940,796301.9513072759
21943,830002.2791958835
21949,3136976.805169362
21953,499457.11463435116
21954,572478.2433101281
21956,107285.88971658649
21957,73703.19366084573
21958,474033.49872627965
21959,244148.54609208665
21960,653378.8132848061
21961,1821682.478186202
21962,369434.9299139535
21963,740619.7122368746
21965,481221.86678021384
21966,324199.5041067904
21967,616919.2319154133
21968,491370.94463023206
21973,126044.58604902585
21976,5002221.33588553
21977,9082834.573326394
21978,4081684.2544364124
21980,724097.1377769165
21984,2379805.6593099716
21985,982537.6683644925
21987,4976973.666913704
21990,3800371.836894559
21992,21127.09106856374
21999,1224031.248826427
22000,4079802.242048762
22002,732736.2400901177
22007,420877.12358489644
22012,721973.616237395
22013,673506.2334429078
22014,517390.4434896037
22017,683178.9256602336
22019,201867.4801970389
22023,646757.3684614601
22024,466762.6654165494
22027,625417.7671792016
22029,218977.30133450832
22031,427889.0196662663
22032,258177.40388104497
22035,762132.1899595738
22036,20071.62038520266
22037,1383927.813398676
22038,5209596.311342608
22040,911749.5435508065
22041,1413576.4345855513
22042,683290.6255416828
22051,359397.59935469774
22055,3044796.3213622137
22057,228287.48027569684
22058,3038442.469928538
22060,10566121.667636296
22061,1241200.6472012936
22068,565920.3295559401
22071,4176886.9665583363
22075,6276762.420437057
22079,692138.9467211664
22080,590238.9486900786
22081,2117159.294892895
22084,544484.4111868368
22085,21315108.805306714
22086,6059548.047352672
22089,2374183.1561744576
22090,4233305.691017393
22095,1010670.4715068229
22100,4277524.079647629
22101,1443225.2879556823
22103,444644.65929736523
22104,165146.53434666718
22113,506953.498324196
22122,410919.07869323785
22123,604050.5749882427
22128,293625.6946491859
22133,3331539.9985549436
22136,512910.21060739644
22140,644101.1634497255
22144,5190192.337714924
22147,205008.74963758703
22148,59942.38947002066
22152,119028.49894373011
22153,240374.40725138667
22155,973812.2057625621
22158,575266.4309036238
22163,501560.81249632017
22164,75490.17110820007
22167,148988.5899221836
22169,305528.41675151844
22170,248404.07401232724
22172,538564.7769098318
22174,672293.6909235591
22177,801174.6315481117
22181,659413.6513476869
22187,241437.01266925945
22188,1249147.1295517045
22190,629779.4327281859
22193,4434075.319338347
22197,8252812.903940454
22200,542697.6350940295
22203,921455.2865184566
22206,212241.87559039783
22213,932768.1359592356
22216,11888835.607146438
22222,221240.06427665724
22223,450065.6024130595
22226,10663647.580845844
22230,520807.6485698939
22233,286409.2542124827
22234,4352667.0734700365
22236,364380.6593714365
22237,456417.6399661746
22238,166100.60745930887
22241,251056.62007589923
22242,379475.314421198
22243,3052071.00042064
22248,526998.641941652
22251,461291.6801989304
22252,1088375.7482487452
22253,74191.687788633
22255,4056166.376101258
22256,116400.69334408928
22257,771387.4694376752
22258,590245.0109099087
22261,2737093.8526924388
22263,969959.1399596098
22265,1197982.7718401742
22267,267365.57495481893
22271,909829.8411718145
22273,777604.183809062
22274,16424.485142290127
22275,895386.5590599608
22283,318331.06739000976
22284,655669.2390377667
22285,218555.516866245
22291,331767.47329596744
22292,101222.3581387921
22295,722572.8741848546
22297,286759.9504460491
22302,3432979.613861838
22306,91737.51214540997
22313,4506187.533233446
22314,851096.6077665947
22315,599301.6926654341
22316,545595.8287104587
22317,685845.0732604929
22318,203851.58478786502
22321,361271.98554563837
22323,1199411.9669096796
22329,602398.1986206311
22332,485936.8297259519
22333,4622592.565393578
22334,302524.82108947716
22335,339030.5071064929
22338,19697694.51860284
22342,536309.9620642742
22346,507180.20644255367
22347,935829.3758048739
22348,80311.94671982272
22349,574859.6536588522
22353,3293664.5718085216
22354,601235.6617896697
22357,214645.15119368694
22358,60395.63485535508
22361,2503461.3222892485
22364,734727.9575204343
22365,580264.46922046
22367,19372874.756383743
22373,99370.30611408592
22374,587253.6062696552
22375,3808724.4912310503
22377,1198249.8043569427
22380,4066219.6492744284
22386,4193747.5513691343
22390,757665.243102336
22391,961084.5942347555
22396,648957.3374777576
22397,445404.6296267573
22401,95322.54236212945
22403,4979828.052753594
22404,334701.1711567895
22407,146739.78008926436
22411,942194.8883973403
22413,2267463.8395148115
22417,601374.0046594699
22418,4357288.476539056
22419,196285.51988069777
22420,76805.90421848324
22421,77255.39701336567
22425,4104200.6919762804
22426,321360.3897087149
22427,3686294.240069218
22436,980024.5783721961
22438,1408445.7669831433
22439,502179.0559556556
22445,831854.2758197954
22449,752851.0362150836
22454,2374183.1561744576
22456,3200856.602943194
22457,100695.95300493103
22458,334733.29757210903
22459,1107606.36348378
22463,557858.0034899454
22480,741773.0198628791
22488,5390976.333931392
22489,961073.7302943483
22490,3421877.332237466
22493,769498.860087591
22495,593790.0834284164
22501,1470728.199922993
22509,1226713.78869679
22510,4700814.910629539
22513,1676854.415974912
22515,510160.3877275913
22521,590724.3188879942
22531,78949.99920636175
22533,188285.74707299698
22534,398676.90886044764
22535,1472778.13919418
22537,1855182.0497156344
22542,608787.7574186868
22543,489666.7730230048
22544,16656325.59846153
22545,89602.29132883217
22546,1217933.081866306
22553,4074040.6904718964
22560,1600575.9692643143
22564,3990831.675090395
22565,56755.356569603704
22571,458756.3875164787
22572,1563479.275146527
22576,576139.1428090255
22577,216935.12761364333
22579,4257911.305361571
22589,10661876.714252621
22598,4084890.2109815786
22601,1188726.082332735
22604,1399005.189137354
22606,262177.6479307345
22608,86383.91866991014
22609,9845004.983080331
22610,127500.00599469112
22612,2085921.3151680925
22616,1202339.1576139503
22617,410501.8511292535
22619,595406.9172369874
22620,1774293.546338745
22623,511863.5569481958
22626,6131269.778908366
22628,4328021.732028885
22630,473379.3701220512
22631,578342.8743892167
22632,538716.715136321
22633,494189.2347639871
22637,654945.9970043303
22640,4108425.8705368014
22641,805278.6379431295
22645,615531.8151199175
22646,553404.7044904782
22651,319696.95501468144
22655,399816.9989419939
22656,706275.4990959556
22661,208549.5394805519
22662,619711.9277660172
22664,571015.8898439257
22665,593117.9809401741
22671,356107.3037595481
22672,13754328.692920739
22674,71759.54718760375
22675,4063098.0250992635
22676,1136647.1554044462
22677,1284328.2102418216
22679,1128303.4970427663
22680,3953477.1798399864
22684,667541.2734945568
22685,775570.4243616967
22686,2734854.474878028
22690,652419.6195941768
22691,734662.5219842274
22693,10827391.339630451
22696,1815191.1187421414
22698,439173.873286099
22699,1126883.1864473696
22703,852434.4849033246
22705,1588337.8397146254
22706,39253.992603520186
22708,1486463.5272402908
22709,740473.9371972338
22710,628294.5830123018
22711,854819.8438566973
22712,4163156.6922818357
22715,6096077.07614538
22716,1578325.5825054662
22721,4541076.018937363
22723,619258.1105037855
22725,672965.0965998301
22727,532069.3785214943
22729,1445358.1454019812
22730,110291.43157907901
22732,1628611.8996710847
22733,11717509.149902645
22735,64965.84731989527
22737,22624.679426485836
22741,318799.99506575597
22746,611285.8501742831
22750,907652.0920568447
22753,639910.5042585256
22755,315129.59773573285
22756,528917.6868897906
22762,661821.7559803494
22763,554635.4071248437
22765,4552423.446489696
22767,317834.7357086033
22769,976972.8560216719
22780,413526.8549159546
22782,17515441.35939552
22783,236800.36923075904
22785,843691.0256207235
22788,1096582.69087827
22789,5011000.932726959
22791,593478.2245436065
22795,962920.2032279201
22801,389580.988019506
22802,1035158.3452464689
22806,248227.76257108577
22810,224855.56719541457
22811,4926180.560444088
22812,1947426.4721613093
22815,10807132.097599892
22818,596220.614894383
22822,660837.399205264
22829,4214122.379563798
22832,893255.5354742861
22835,213668.3750253264
22836,122095.60437435964
22838,4007642.3226792477
22839,2418172.1794347274
22844,457545.1660027156
22845,709567.8439616171
22848,61171.491932938596
22853,297381.985623802
22854,1158959.676604164
22856,2640345.457314768
22857,2998021.8379824013
22860,245534.14781890958
22862,1191908.5312775057
22864,600178.3026994464
22865,60386.33878820541
22866,135208.49581461182
22867,521262.1290421984
22868,3901425.2220772966
22872,202542.99411397998
22875,853337.9655602804
22877,1011528.0207406655
22878,278969.667814518
22879,3864211.2541212216
22881,1133625.3490507158
22883,1349117.9832523917
22884,73425.96285426729
22886,1375619.6931433189
22888,1031376.2054032839
22890,403807.0780802721
22891,665121.3541300594
22894,10164148.514994295
22895,533579.0999695802
22899,766678.6663745779
22903,53559.47521134049
22907,653144.5704479453
22909,461693.93544945866
22910,433062.8499079241
22913,473501.42459911853
22916,623916.0304005893
22917,1903066.6266130186
22920,1910978.7437329893
22925,629254.3129626854
22926,4208155.165316103
22929,542222.8876739313
22931,816748.9709497895
22932,3908909.7579923808
22937,746461.7988934924
22939,855993.3610496689
22941,212587.2358797553
22948,552849.6433798198
22949,87478.30756148875
22951,988821.2830555398
22952,2374183.1561744576
22953,632522.8430928637
22957,5571994.465500643
22959,241437.01266925945
22960,640929.8569459214
22962,667494.6653185992
22965,442499.02567246056
22968,522231.44722040684
22970,180762.83643916348
22971,257844.95206133058
22973,202809.0161988858
22974,261760.7919701257
22976,642065.4375240944
22977,4460640.726603569
22980,663444.5536906283
22981,56089.77994584831
22987,1242129.8952368924
22989,387564.4078476223
22990,694025.2170264894
22991,651683.5157555484
22992,2539279.750161032
22997,563513.866256919
23004,718330.4668929569
23005,699317.4427954912
23007,4586835.601254048
23017,672344.5911404749
23019,121207.60168925664
23020,67088.74910088544
23022,1183101.6827115365
23023,850833.6535093987
23024,2028106.6808450308
23028,3851676.330402368
23030,1833928.0047733958
23033,656004.9624126691
23035,601550.5155588867
23036,287708.7150618062
23040,718617.0801563405
23044,586871.185952018
23045,673599.883868984
23051,4690165.970726656
23054,1035924.614852391
23058,81420.32463238706
23061,216831.24813176985
23062,592986.2131630534
23063,16826215.65035022
23064,400313.2255998252
23065,521591.7600298034
23067,1096019.516994596
23068,4347589.392865261
23071,12333067.986932795
23074,1172240.2172468167
23077,213678.84209049042
23078,1803503.657735172
23080,11307883.906205336
23082,24913828.33156509
23084,461291.6801989304
23085,1300630.394504218
23091,1277390.4934286708
23092,1316218.0256357873
23093,557156.85764033
23094,750730.5821624635
23096,337745.5621311322
23097,3408081.7994870236
23098,221390.66168360188
23099,4195735.202839116
23100,1016142.0160923643
23101,540364.1639610145
23103,1606893.9696643783
23106,608435.6673463132
23108,626716.9988747912
23109,271449.55583781574
23113,132645.91954208643
23114,696741.6518194233
23120,831158.0743274426
23121,1600575.9692643143
23122,3544114.170353663
23123,222969.95221921374
23125,3731679.314836995
23129,5669498.657729297
23131,210629.9105441134
23133,111991.41941482286
23134,636830.0400389927
23136,838625.9132617755
23139,637915.4163860322
23141,635029.9478758299
23144,229752.859812687
23149,861797.848775163
23160,295628.6424777334
23162,980436.6499484803
23163,739008.0899130974
23168,3891674.884886644
23170,854397.8194898212
23173,22596.765818629756
23175,1752161.6655622683
23180,206881.20646521333
23182,171542.5438369557
23185,4154116.0367068043
23188,86683.51228864738
23190,5190641.617631951
23192,659933.9240506322
23195,344544.7089343409
23197,3711761.2656994825
23198,1336622.7130590116
23201,42177.19154655158
23202,3040520.0438564275
23205,5913018.283998514
23206,10807253.654411795
23207,477950.5952188027
23208,2995444.125106865
23213,1135730.5819449448
23215,5083841.23001436
23216,5520689.878976052
23217,814655.128970503
23218,284619.5966783169
23222,1674235.8043831114
23223,661966.5126667421
23225,2984824.036153161
23238,256496.7064237608
23240,15809914.218703195
23242,215158.53704620647
23245,5332536.339903953
23246,123734.37282052104
23247,16455512.830012087
23251,1166806.3418178882
23258,1815191.1187421414
23264,6091072.497982228
23268,564465.5681150764
23269,591122.8431208546
23272,54466.80801603573
23274,302076.4777255026
23276,2374183.1561744576
23277,3591885.388249468
23278,783894.7990981026
23280,50188.873686769184
23285,375691.74367973325
23288,1501592.122443349
23292,598128.006433428
23294,23710.60092792881
23301,4054522.5843045386
23305,258655.12102075742
23306,1366111.262828064
23307,311249.6768410056
23308,70803.80124407468
23309,739921.6054482271
23310,615453.9485419763
23313,62247.3118887417
23314,2374183.1561744576
23318,1128622.6142850718
23321,1275609.8889104906
23328,296701.1300849746
23332,2396720.4567055674
23333,6705458.98407384
23336,2021960.7178022019
23339,605497.2624977274
23343,1205225.5094657168
23345,623273.4971300213
23346,4120049.4345804034
23347,199140.34746579314
23352,2682155.3431972726
23353,1168172.2092316838
23357,1433382.8331976538
23373,995145.3567612802
23379,262675.110851503
23381,574228.7802856902
23383,20961.486194723082
23384,614784.821519048
23387,54401.81241855817
23388,164994.74665879944
23395,4055658.102505408
23397,595105.8998160755
23398,373006.58037467144
23399,743196.8516079896
23401,2526843.5021947054
23402,4065945.713414381
23403,4099659.7208434464
23404,1015284.9622924648
23405,3976748.4696368435
23406,10176250.98987696
23407,4108693.7012991696
23408,700035.1485175593
23417,556021.4596303165
23418,169167.39384219373
23420,165146.53434666718
23421,189927.8484408957
23422,837445.4598928934
23424,4731681.814534608
23425,1183294.903192114
23427,57940.59124432448
23429,7844517.282167721
23430,989067.1180009758
23432,266303.49640162324
23433,64824.329883549464
23438,4255958.409701975
23442,10179327.829138318
23444,3356849.385941121
23445,610592.9315931025
23446,953695.5305362735
23447,542324.5014282974
23448,4161512.145693455
23451,5270090.986738336
23453,28723.498383505772
23454,703477.3512418999
23455,2374183.1561744576
23459,247109.97427319517
23463,5164873.282080163
23465,381881.922137637
23470,852177.7473884858
23473,1668289.1686337485
23475,1315238.9018192561
23477,1823086.7503231005
23478,10805663.426972609
23481,3259745.2209664444
23484,1918767.3092755817
23485,14722821.275098745
23486,4076585.8870286793
23487,2622728.3433230678
23489,977201.7315062515
23490,590337.1619613401
23496,422599.42817696865
23498,757205.0717060771
23502,3893438.675182785
23503,196679.73627294562
23504,6013638.204973662
23506,215836.1854243381
23509,3137912.6203892105
23513,1455576.833597257
23516,413471.5020872109
23517,1249873.967039325
23519,1062822.6518204927
23522,235981.76645630389
23523,449681.46679984
23526,607179.7443105138
23528,3974485.561987818
23529,4555422.488833685
23530,1853053.0179274012
23531,235308.15206623217
23533,1718029.2942847344
23538,1724772.000818915
23540,1007578.271778971
23541,4067750.677122074
23542,602671.9365253218
23543,277018.6081138942
23546,1408908.5955232787
23549,874296.5420587703
23552,262335.08371345274
23553,2840257.398053457
23554,386347.8163696573
23555,710572.5518356024
23556,999945.3785086483
23564,681482.0341065053
23566,1175880.1281687873
23568,426105.5200436545
23570,723677.8771775744
23575,810441.4422766059
23576,1412873.169470549
23584,4589773.407795292
23588,3969753.7076008553
23589,3974160.651152807
23590,549994.5646054473
23593,609307.8842781761
23597,61534.659619121536
23598,628293.4265264941
23600,3831893.1351226396
23602,989816.747183872
23604,3812401.942992429
23611,298429.0335597914
23613,3656954.3230331675
23614,4290309.278523352
23617,303098.2532950111
23618,597021.5235993847
23621,3860553.477702122
23623,501140.6599877593
23624,478541.9216243923
23625,1480289.942616174
23629,57431.38104046646
23634,445197.867032023
23635,2088203.4233029957
23636,457304.09567141475
23638,1400143.3486374128
23641,442995.1824540558
23642,205637.72840094427
23658,732617.8514714482
23659,752452.3795241652
23660,1226713.78869679
23663,4027076.9172593243
23665,396612.92502123956
23666,5417498.904497066
23667,1845083.726710511
23668,274924.8124018946
23670,454121.868121724
23671,368436.3204253785
23673,19151324.074732825
23675,555920.196134544
23676,676698.7484450394
23677,1248244.1396810135
23679,332550.1116175867
23681,1971106.9810964696
23682,497531.9224237263
23683,4031109.124877921
23684,3568255.2111206823
23689,3708463.0206486667
23690,397666.6066805224
23693,1849436.3959415127
23698,2626731.6874620533
23699,373808.81913873355
23700,1598419.3050448615
23710,825196.3050518502
23711,56902.33652612138
23722,3716150.8528558747
23727,883406.820919492
23729,3780600.018550904
23735,194492.97327401157
23739,3314893.492033432
23740,64969.36399319803
23741,442202.223292848
23742,162019.5089955525
23743,1514798.1961134472
23745,95885.52521091359
23746,1772816.9368389458
23748,192149.61078700906
23752,177986.2159938766
23753,885205.8428619101
23754,3274514.688531576
23755,1102957.4237573012
23758,342291.88090459246
23760,1153567.972585782
23762,2632914.789629213
23768,1375464.903993444
23777,406767.0438423883
23779,1036122.3014458958
23781,614338.0897753972
23782,3069020.0095595308
23784,178367.6432330375
23785,785308.6687497703
23786,541587.0496511598
23791,739009.9697710394
23794,4162243.09544948
23796,622757.4920672282
23797,515731.5453065603
23801,615913.4683636245
23804,1194774.6594848775
23806,295640.694120813
23810,971917.7555215489
23811,644664.2477575097
23813,3509799.932708642
23814,4257975.593024329
23815,200635.5377777266
23817,3308090.000022169
23818,2520378.262392962
23819,760358.875021796
23827,857417.8605286566
23831,4672065.227145883
23832,115167.25168010057
23834,287958.67724620533
23835,713441.5021779145
23838,1698056.4155473313
23839,593523.7777105321
23840,864254.2791100161
23843,790417.1559675612
23850,326437.6228214088
23851,486525.26639785245
23853,3725875.184249252
23856,40359041.74941158
23860,662929.4208620278
23868,5286538.551638329
23870,712788.7373676988
23871,1374991.818441452
23873,2829399.6103932094
23880,77836.80576572653
23883,119332.6404222451
23886,665746.4118787816
23889,699397.8072187246
23891,3018551.3621681584
23893,626580.2929567684
23901,1058729.6054046454
23902,337100.78318343125
23907,889349.4012953348
23908,971917.7555215489
23909,2672574.018414733
23917,86859.06407096311
23921,5089234.726295787
23924,546389.0141414589
23926,578587.7225602217
23932,738851.4933094141
23934,1055894.750878221
23941,664299.0902839904
23942,635570.5084705774
23944,244769.51265474054
23945,610084.5570334867
23947,908624.4792085655
23950,1033848.9905522534
23951,3863834.8735487773
23953,641491.899660748
23968,10034496.454413593
23969,992925.3489356932
23973,309284.77469279873
23976,3997260.2453418905
23979,169714.06209651378
23981,4419527.344791125
23985,816521.0455356622
23987,1289742.3091127188
23990,718602.9347742947
23992,192490.09828411712
24003,3438008.239426176
24005,304091.6922424195
24009,1040731.4377443664
24012,446109.08859282016
24014,1452814.1565596522
24015,594595.4299822845
24016,447769.46014567185
24018,1023149.5319700676
24021,393495.4558106242
24029,1815191.1187421414
24032,1962635.6101135544
24033,8701188.609273113
24035,252504.32044087973
24036,465306.61243951565
24044,586570.1887578506
24045,299200.1963073289
24048,4293449.265045172
24052,99356.84045569677
24054,2382319.56272084
24057,1844306.3391424685
24059,3866557.911331054
24060,359521.7850219169
24067,56406.02156280656
24069,1727616.0775904492
24071,2929987.614863827
24082,825352.566133232
24085,83776.78731973418
24088,1990815.4519652005
24089,523425.46557398245
24090,2374183.1561744576
24092,792235.9675525613
24100,653062.4989900918
24102,1408445.7669831433
24103,517809.77419160167
24105,78078.89703292004
24111,125952.3168920457
24112,2368827.7475980404
24116,4977223.753756092
24117,3799625.425932355
24119,524778.4282261922
24120,2702199.3070142088
24122,432128.7928934023
24127,11055973.287352135
24131,1100438.387902943
24139,511620.6506036022
24141,35443.03577981172
24146,227024.9977235715
24147,7416077.814378554
24150,633240.8862764236
24155,3937384.609329004
24157,358710.71325183107
24161,102385.40585560405
24162,276010.57171238353
24163,207521.77374564085
24166,1396893.0143943394
24169,10133079.260730969
24170,387118.15252446674
24171,5431726.109581733
24174,222765.35539575954
24175,152690.84952264032
24177,138615.1926486693
24178,4937330.148415604
24180,733084.2394145995
24188,489331.6960766539
24195,76171.59891928351
24197,613539.8532324631
24201,762931.9565663168
24203,184599.15059254548
24204,624285.7823091929
24210,775505.0466279555
24212,10694258.453103673
24213,305962.46851186303
24216,160294.6496344838
24221,999926.6624591972
24223,500530.13119691436
24225,49244.9413988417
24229,497698.44828935957
24233,1834682.8838000982
24235,912682.1475874472
24237,6675206.805332218
24240,7336833.304341465
24241,1279749.8702530628
24244,1988017.7117278767
24247,1856212.973002278
24248,117428.0561034367
24249,116839.56737271577
24250,651348.7400639462
24255,321092.972607493
24257,786711.2144139776
24264,971917.7555215491
24271,7974398.50449908
24274,386300.0230199516
24279,4951741.982557109
24280,938246.5255917113
24281,243218.50406365548
24283,1052103.7167510611
24284,4195871.378251237
24286,148370.79284784716
24294,965214.6061004016
24295,327966.2793216717
24298,2270968.7270364696
24301,538784.223676655
24307,221085.9076052188
24308,1168347.9352706778
24309,66618.98369734029
24312,635993.0383904263
24313,141418.72554164348
24314,642554.3905214366
24317,424912.5416199245
24318,440425.8547754702
24324,544197.2405235191
24327,2869131.6126254597
24328,291711.28361920826
24329,713532.0069545421
24330,531264.7866066411
24333,552282.8825059712
24334,385360.46129856154
24335,3755031.0570542132
24337,890967.2906943692
24338,3193005.1391308503
24340,666007.4953699003
24342,558251.6961942806
24345,5342335.722666347
24348,940017.0716744605
24352,335331.1385892647
24353,1670503.68079164
24355,47350.18083004609
24356,215187.10982537534
24358,1033624.7647345513
24360,3868850.59733044
24361,2345791.456881835
24362,117591.17585388743
24363,137688.05828517838
24364,2797650.213258211
24365,694991.216079418
24367,27240.907168943937
24370,558945.8707582543
24374,1198457.437258839
24380,729410.9775995819
24384,318397.1640927026
24388,2677064.0153482873
24389,1397654.5735881175
24393,609768.8823489925
24397,624995.131990704
24400,1336842.2196417558
24401,911300.7146332826
24402,1295173.6968578524
24403,83308.26085943106
24404,2959883.71047709
24405,719586.2249327647
24406,646326.2879519103
24407,3869796.1090430478
24408,1647460.335749662
24409,12285358.698602846
24411,229438.90442412376
24412,19992665.866223864
24414,649702.9312032335
24417,1195365.4111765516
24424,537060.8423187241
24425,1048696.6414504673
24426,1134468.859824681
24430,3800949.4038975397
24432,188002.58511952503
24434,532947.9305105546
24436,251348.13649950907
24437,4336250.720563151
24439,883115.7388105765
24441,1207515.2365741807
24443,2374183.1561744576
24444,538922.2807797043
24448,180884.0538504004
24450,261184.3302469006
24454,300610.85680165386
24456,535365.1129252064
24467,433040.70343961415
24468,1184548.2886816498
24470,616638.1486481674
24471,10208568.5845698
24475,534921.6390632284
24480,609296.5786122953
24481,967487.5623801904
24483,23310737.895034812
24484,757125.8497471537
24485,478741.704206861
24486,4130348.750528159
24487,1832997.833915071
24490,3710709.597253549
24493,1071299.2039125664
24495,1621877.4780225817
24498,250710.8949878532
24506,10729057.536888143
24514,154355.86554260977
24518,11064059.967230346
24523,7963549.489655795
24531,2359055.803567499
24533,3697842.0031136945
24534,575804.7493670101
24542,4032571.1303132013
24543,59508.886622785685
24544,731069.0677588473
24546,3877826.247331474
24550,1408022.1897964398
24552,224787.59097417383
24553,77731.11360417027
24554,724763.0093042671
24560,600419.2252762754
24561,682280.8018006163
24565,644537.17230183
24571,786917.0154444313
24574,871164.7903108833
24576,1358950.198479801
24577,3157386.432904959
24578,4153670.1039524884
24580,1230797.4423284046
24584,1421168.1925307638
24585,973040.5050715836
24587,19354.369479266443
24590,1357798.5128729288
24591,6147119.939199999
24592,1468812.5862298468
24594,519271.1829475046
24597,73136.03236497621
24600,449720.21446565056
24604,74130.93332637328
24609,2331507.6527208304
24614,1019748.47095655
24615,750620.0089612441
24618,535834.3526708796
24619,2980939.5969507955
24622,811528.0995698443
24625,3614619.357026089
24626,2117499.8296955177
24634,90132.82884904135
24637,425368.3278342316
24638,683936.4729268227
24640,128334.07114398274
24641,3740670.809743776
24642,585254.6003240098
24646,484608.448104678
24647,5157100.496316673
24648,314098.8887657917
24650,523531.02351789083
24651,5749795.4248418845
24652,1729261.6036006012
24656,495785.09199235664
24658,171167.39518023626
24662,6261220.997967138
24672,1029565.3294585705
24676,590745.7007587637
24677,5448283.492398222
24678,864132.7547767569
24679,648457.7964505684
24683,35420.463811677815
24684,4622592.565393578
24688,1175694.617015717
24690,761348.2735175757
24692,706412.2678593775
24693,719171.7141336357
24694,183648.3002496367
24695,1815191.1187421414
24697,213251.39527389765
24703,1107399.6760197985
24704,468210.0829391315
24706,404521.7027409778
24712,3744513.958032974
24713,3777135.616432217
24720,5036044.406190042
24723,828831.3091122685
24727,368602.30386554485
24731,969142.8093623535
24733,585298.8469339821
24734,627407.419905731
24737,2539279.750161032
24738,9324037.943122225
24740,1815191.1187421414
24751,927317.2071625749
24756,3410869.2009604005
24759,335719.4173392551
24760,4610497.2745578475
24761,406287.5379354309
24762,13285905.515340269
24773,3591885.388249467
24778,791350.7706998028
24780,4058570.622673991
24786,11550249.234584153
24787,806984.1740499552
24789,1668035.4877510364
24796,2379805.6593099716
24799,1006208.6972171481
24800,847107.7943042122
24805,229521.91042891322
24806,657345.816936004
24809,505593.888819523
24811,309649.95455555327
24816,1815191.1187421414
24828,637999.1683105312
24833,138953.75836619566
24837,4187606.7133074454
24842,201771.7324957721
24843,525447.9750032225
24844,537906.2737062185
24853,302185.3160021591
24855,991796.8758208135
24856,734562.7996526497
24858,371218.78694200877
24859,1852189.9558954008
24867,1738772.7149769403
24869,847014.9937339465
24873,759519.4868925543
24874,953644.9146911651
24878,1136677.808415934
24882,649435.6819029804
24885,260160.1643779756
24886,364105.9252972078
24889,14366369.37173007
24892,1338411.5837737094
24893,885784.366406594
24895,213446.5499305452
24897,637498.1267665525
24899,53772.344620124975
24904,2317729.019682631
24906,1891265.9003634818
24913,2749786.646468896
24914,769465.4492946638
24915,403969.3595014544
24916,2996927.9352125167
24921,1815191.1187421414
24924,930363.0369175756
24925,604528.4738331025
24927,1108450.0122549164
24928,1203594.1049694933
24930,164748.2249926216
24933,3864085.2430289686
24938,25821.58026705526
24939,832775.4188691946
24942,236856.33590360096
24945,399007.6294310344
24948,551974.5117064031
24950,4055889.1736344052
24953,287554.0097949609
24956,294285.8563197145
24965,420214.7458426942
24966,563757.5669843863
24967,552559.7804068886
24971,431786.3077981213
24972,1867695.8693300195
24975,747415.2144057209
24981,1210304.7554197297
24983,553468.7788232926
24987,258649.03580786876
24995,1047468.5957612533
24996,653954.2525487037
25002,206272.975449863
25005,258608.08696877482
25008,1530340.4686142711
25010,729244.5758199638
25011,1045622.2144743493
25012,1023073.3252276483
25014,588118.0664376928
25019,2940492.8346558413
25021,897151.5863001004
25026,13647485.32039122
25029,200808.8353295144
25031,4517430.343899774
25032,6299716.971677708
25034,716798.7766088557
25039,418075.62411536986
25049,4859494.46756851
25050,1410088.1781888534
25055,17461122.241109688
25056,1674142.4966788774
25059,7449869.937930043
25060,5648658.27388932
25062,123392.32899452638
25063,2011216.174160296
25064,487362.8512176295
25065,714981.9140044939
25066,416713.18985620263
25067,456983.8920832956
25071,2796729.8059291905
25074,134147.59804571728
25077,4233305.691017394
25087,2912168.3419389846
25088,1203332.9868026022
25089,944668.4592016278
25090,54682.15342438328
25091,4711008.956390245
25095,661205.5004598892
25096,811288.4661407929
25098,60351.46736309258
25103,615146.0532219663
25104,857014.1543549995
25105,70931.74248325606
25108,478011.05224550876
25109,397776.11921391747
25110,2396720.4567055674
25113,4890500.354609379
25115,123132.24982182201
25118,714302.7908821309
25121,696311.5153587315
25122,4392302.407695254
25123,523525.40406867844
25131,284224.6597470442
25133,11517729.185530458
25138,269339.2664587578
25139,3809812.070809383
25140,575655.51377494
25142,61812.227330459005
25148,171194.77169129445
25150,1622355.9565903835
25151,1739796.8580283937
25153,1792455.0854437798
25156,662352.7092035234
25164,1100323.78178739
25169,1772856.580698286
25171,719430.178204504
25173,287927.1450984541
25177,63042.98779366369
25178,730312.0114345507
25180,24222881.269150358
25186,4568616.097694293
25190,81346.243679218
25192,3091429.7804792663
25194,18438.216385699478
25200,8945615.922929646
25201,208365.33264967735
25203,539836.3851757452
25205,202654.16722896777
25211,48487.7552541141
25213,6723130.260132703
25218,209638.91368315349
25223,891849.4950269137
25229,515158.653271183
25233,1058729.6054046454
25234,608498.8918362528
25235,906792.4017838433
25236,253121.6219858057
25237,447654.7104191235
25239,585506.6368666713
25242,132489.38114913847
25244,1646633.3625875928
25245,837011.5543166102
25248,776330.3807974707
25254,1123303.4736021901
25260,2374183.1561744576
25262,22682745.378453113
25264,577456.5569229795
25266,570537.2181102603
25276,279547.90089161607
25277,111554.6487298072
25278,32448383.884556305
25280,1097742.44850515
25283,620774.1856048678
25287,517757.85274465627
25289,587744.2692763804
25292,3944668.045590412
25295,709274.1277001624
25297,2981809.749260327
25299,5591033.662669863
25303,550688.6825489837
25304,661197.9135237469
25305,483573.49717307725
25306,3117110.5869658375
25309,1050024.063180914
25310,6245771.991821344
25311,1664880.0907827616
25313,24224467.25653748
25314,362282.2714079855
25320,942650.5985021519
25321,155536.5859827138
25329,321027.90499205544
25332,658828.8946610702
25333,572141.4035718486
25334,520651.8190623775
25336,973812.2057625621
25340,2868218.515238169
25342,620114.8629998432
25343,529679.2462894237
25345,586866.7218398432
25350,196506.07253399107
25355,5390976.333931392
25358,678584.0242917637
25366,1239379.5216861449
25367,1519224.8234526434
25369,1963942.2340387956
25370,1186451.011390774
25372,3675999.8084620833
25373,19862.44734873971
25374,2981809.7492603264
25375,180916.59035573076
25377,56690.939588890215
25378,3070164.9647504804
25381,849518.5130696992
25382,500809.95951503015
25384,747137.2800883133
25387,894988.5067383621
25396,843810.5914394386
25398,320877.660838802
25399,11858746.101831142
25402,3990501.505849919
25409,6229447.406274863
25413,2858272.649578445
25415,2374183.1561744576
25419,3818045.4346237034
25420,1370573.5446715695
25423,1679417.591782301
25425,2981809.7492603273
25428,952977.3662040535
25451,213010.99626450767
25457,12633945.433503877
25463,335359.8447687301
25465,1198792.4806354502
25467,2049426.8081181839
25469,287487.9410655188
25470,4243931.503617908
25471,25368945.958292436
25472,2980939.5969507955
25474,411554.1646928341
25477,379402.5906117825
25479,263006.6633733668
25480,3883341.3918560953
25491,2904727.5591440396
25494,220109.70071962764
25500,3304385.569593339
25501,1297630.3160159267
25503,1181301.8024939839
25506,482783.1860584587
25509,576527.4295232015
25520,742129.9215343436
25524,163826.53776818153
25525,30008686.5372682
25531,65702.56427633915
25532,727057.3591761502
25535,180753.14206258702
25546,241478.88642397258
25547,590199.8754440674
25550,143254.1306260652
25553,1243941.9790481657
25554,1348988.6134095988
25559,943381.2026261747
25560,2636740.9234518586
25562,757107.919422922
25564,1426442.093380511
25568,855004.2141387071
25570,1915863.7566922065
25577,541986.3658643852
25579,135826.81805208547
25580,2559493.837271429
25583,799973.5405810963
25584,880084.9479099056
25586,566640.1204592239
25589,1188726.082332735
25590,10776790.390479293
25594,592183.221907463
25596,561529.6221911025
25599,727516.2342200842
25603,1860399.2757833526
25605,394484.8859438926
25608,772214.3598907959
25610,6302574.86662998
25613,55545.41460110794
25614,522968.0894831067
25619,278600.7287926645
25625,1093992.1240566184
25627,3649924.918354103
25628,209703.963574578
25629,3073096.789778577
25633,236800.47916264087
25636,380741.2782676021
25638,691479.8957454733
25640,515111.19729694247
25643,1562907.235960381
25644,659546.7047562802
25646,5221841.433082708
25649,386943.8586030137
25653,99490.2846620582
25657,987648.5603993556
25660,421445.7115664293
25664,1541750.8884092907
25666,10733083.199422505
25667,1006930.0622757027
25669,694588.7125899238
25670,672509.7063804953
25679,808568.2304119847
25682,942431.6844232453
25685,478043.8656673742
25687,1408445.766983143
25688,984974.2326402937
25691,4628443.6720273625
25694,351441.31797930086
25695,2626653.854723873
25701,633492.5910448229
25704,1166526.4111458748
25705,4045239.326431975
25707,197159.4918770327
25709,118677.1292610914
25710,282164.2840801744
25713,1072235.4291296725
25714,3754323.342099067
25721,2351934.622490484
25723,5949436.045987689
25725,158907.57425101078
25727,111610.70961459292
25729,2409171.701651502
25734,1531445.9374271906
25737,3674807.079238185
25740,75415.99589357422
25742,65931.64698797776
25748,281476.7240807713
25751,290256.5755668069
25754,695447.3007380901
25759,808135.7193503868
25766,10664816.548060536
25767,625738.4893620899
25773,549923.3891002204
25782,1183186.8620070782
25787,1815191.1187421414
25791,3765594.1276443256
25792,3812801.0376411714
25793,4241998.217712453
25796,1253198.7222526283
25799,3859713.468582736
25805,611109.4068900326
25809,434285.33122511616
25810,1631048.1366411918
25819,59276.2251157182
25820,11546969.864942215
25821,405626.4926262283
25824,3337545.9770816015
25831,563858.2929481693
25840,164847.99274329358
25847,570016.7241864398
25848,2426602.420357366
25849,4144730.4466647618
25853,302006.8829575803
25859,2150987.0451905215
25862,1109791.75141027
25871,1686633.6986736641
25872,715245.2135066718
25878,10660148.694621017
25879,3876659.7527865944
25880,1012944.9418173824
25883,22602.268488826387
25886,1078218.1653270803
25888,315833.01306369656
25889,1760399.5476964016
25890,4608849.43803851
25892,741933.3879861786
25895,10872140.059013082
25897,1225835.0891234754
25899,1151970.5778314362
25902,339521.87021526264
25904,3741071.4074279456
25906,154218.67897881925
25907,3009408.893370686
25916,510112.2667995992
25919,352039.8926303359
25922,249885.7749917868
25929,2851845.6733393134
25931,4261826.126832822
25932,4123891.8659996814
25935,895799.719036435
25940,553786.1814062357
25941,386986.5380716797
25944,566848.8270008496
25945,2147659.739957367
25953,69278.81222661487
25955,229826.75469742384
25958,3754667.377291166
25960,1384976.6264690652
25961,521186.8987862264
25964,159867.9431812966
25966,521262.1290421983
25968,2734854.4748780285
25975,1186889.7852525718
25980,1287913.4810266613
25981,568589.9202634589
25982,864464.8955980942
25990,692061.7418811664
25991,521271.0827079554
25993,680725.1647313329
25996,3410869.2009604005
25997,3618797.269457262
25999,4564208.715471398
26003,672919.7213845232
26004,393349.68765353155
26009,407880.08228583034
26010,6243739.996292989
26012,722980.8790040523
26014,22885.414431840276
26019,5134469.813751676
26024,4706229.085680631
26030,1983666.9850562674
26032,368441.9562986725
26039,47920.79735183559
26040,1448721.4410302662
26045,730133.9572485329
26047,723715.01660258
26050,1815191.1187421414
26053,674660.6534435006
26055,1429111.1242320724
26056,20781.240000174254
26058,709735.1854348204
26059,603037.9632068607
26062,3801401.504518613
26063,1364600.5036875117
26066,73279.52035788463
26069,1412433.2863658716
26071,439116.1709802771
26072,908978.0970699178
26078,702647.9345552238
26080,998700.9947104756
26081,1269086.0605290274
26084,877806.05764277
26085,1989322.2498517465
26086,544226.4874747235
26089,4431212.59559308
26091,514820.3089671888
26096,319814.72754673526
26099,1582902.4131207424
26102,421840.15671267855
26104,585387.1755402008
26106,909902.6906829536
26108,1159623.9706652244
26110,68641.75679767228
26111,206373.02276224943
26112,2379805.6593099716
26118,761317.2870271106
26121,3075211.475901507
26122,992753.6704288477
26123,837512.5367985663
26126,3712585.0031530797
26127,429116.9435890248
26130,5017935.295926811
26131,22470683.27703415
26134,546903.1489934789
26138,1054642.596083635
26139,5458353.945671319
26140,115731.51505402804
26146,52746.781833713896
26149,218360.07614349457
26155,1712266.2758159663
26157,230892.03733361413
26158,638029.9289213385
26160,240743.8351181136
26161,595528.413455339
26162,3990978.7898729173
26163,2342536.636085787
26170,1167890.8241721692
26174,24247102.444204904
26176,444086.6804512702
26182,598929.1730696065
26184,142917.1688878063
26186,664282.9772698702
26187,336618.54098569683
26189,1124475.461377827
26190,1271075.3746691972
26193,68682.22762739041
26196,565872.1358627585
26203,2995444.125106865
26204,513529.3992496707
26209,501615.72000816994
26214,283058.9519923276
26216,325675.93067094195
26217,1027272.3525132791
26219,3693630.259597211
26220,1222235.9600314219
26222,1081376.3991909497
26227,604712.0258162655
26228,638537.880130258
26232,2374183.1561744576
26233,164847.99274329358
26235,589306.9378206985
26242,589297.301031045
26243,1153001.5240879548
26246,810932.7748830583
26247,9840832.583379734
26252,627006.3063767687
26255,1148062.5543302516
26259,2071120.2271209068
26263,285583.0659934065
26264,3913511.1987727806
26265,973351.2312232138
26266,701819.2370500246
26267,57889.51092736256
26271,1028277.7294640389
26276,640235.7239927747
26277,156604.24722233816
26278,107779.57715079482
26286,6373301.384805221
26289,4815395.890561146
26292,2814251.449891305
26294,256363.17777861646
26295,5039495.149527663
26298,473793.727596285
26300,3670686.1169252694
26301,957158.0071641473
26302,20566.662481621337
26304,574850.5395254253
26310,1258449.880462481
26313,347902.11523220054
26319,375284.3060569792
26321,9232622.153819527
26323,256948.02189215514
26330,393422.9772876098
26331,493484.8297617795
26333,238955.78138355305
26334,628420.1709413597
26335,66656.22161835781
26336,313736.82815260894
26337,2426743.2058656244
26339,290876.2996557752
26340,73946.13874148356
26342,60863.5883559839
26343,2794978.6638541757
26345,223961.1138452244
26346,3792027.5494360016
26347,2379805.6593099716
26348,742574.6892729733
26354,649497.8511268756
26358,1679417.591782301
26363,981886.0809498423
26370,144587.6175857711
26371,568889.7189549042
26374,1193012.2644803203
26377,177606.03057399538
26378,1469852.0887563438
26379,4114714.3523291796
26380,632070.4276198006
26383,480002.72673424735
26384,1137311.7364602997
26385,1209959.1848168478
26387,222853.564580906
26388,387444.56018306955
26390,2734854.4748780285
26392,971917.7555215489
26394,636389.5023601411
26395,675892.9700571629
26398,107666.01951600968
26406,952622.2120045663
26407,367238.86631706124
26408,1268084.7625731304
26412,479727.0868643108
26413,1124962.6785877082
26414,542869.6349192081
26419,637418.805387644
26426,4360861.683239354
26427,1030457.7262846992
26428,1375464.903993444
26429,193039.39852693985
26435,622020.7873565295
26436,538716.7151363209
26442,851522.7044125932
26444,255307.9949853969
26445,919172.6053535363
26449,1141477.177272174
26450,1347307.8931651323
26451,917770.4831416555
26452,3648720.279014211
26458,1563492.6569033596
26459,230092.30953581777
26460,110421.68567504486
26461,2980939.5969507955
26462,2722729.2060188698
26464,2454260.468953473
26466,585606.1863519609
26470,3769099.718332848
26471,1530484.7125119134
26477,884148.5804163016
26479,3557060.126727967
26483,560463.2471458566
26484,1321472.9175552544
26485,676110.6247404019
26487,251643.20127187777
26489,1141142.9599523856
26493,305962.46851186303
26498,536440.407666119
26504,902624.2787484443
26507,341143.7933124114
26508,105607.15314191955
26509,5002957.406568634
26513,461291.6801989304
26523,7453489.678870511
26525,710634.9201214915
26526,259942.37439566496
26530,575538.6781045583
26531,745796.2950378112
26533,433615.6528471577
26534,24372740.519166555
26536,890020.5995593217
26537,1083538.9095649838
26541,4476396.664704195
26545,1149314.9933546733
26547,558001.1619537697
26549,549746.8833721911
26550,314776.58317014383
26551,822781.5608753749
26553,1116701.424530827
26554,2709557.737337754
26555,190193.3293837497
26560,336821.9837256778
26562,1083057.3430676118
26564,205648.46076838716
26566,9917099.693948869
26569,22746.79389742037
26571,1471773.463455649
26573,1815191.1187421419
26574,1141654.6406839483
26575,11849379.449882323
26578,239344.95463868167
26579,436219.7181158943
26582,445680.6783490254
26583,861204.0832494784
26587,127046.11049068489
26592,136270.05148471388
26594,300033.3966802835
26595,1261632.9262446794
26596,639977.942580939
26598,134903.11122363614
26604,571134.5846767
26606,923536.4597501407
26614,2711424.791331837
26615,540364.1639610145
26618,1238486.0861454075
26619,1239767.3641695855
26620,391132.78687084414
26622,1334411.357320577
26627,590249.3373563323
26628,448015.2177479891
26630,3760439.1648666756
26634,1548560.2177387322
26638,181770.27681910832
26642,450585.64302359906
26645,5722225.962324746
26647,833906.0374048474
26651,2005920.6704895939
26652,3642159.4405858456
26655,1083538.9095649838
26658,512458.4818266307
26659,602711.8798124653
26661,590245.0109099087
26662,596666.2934754626
26664,6965990.744944419
26665,299647.1497418459
26667,73709.83458068653
26668,241565.53919704809
26669,3274978.5301123355
26671,1832927.890325694
26674,465996.04797483503
26675,698365.2830747792
26677,3298270.719356374
26679,533549.5559257624
26681,3940308.626044131
26682,176780.68765882944
26683,735160.3130273835
26684,361140.1730892769
26686,264592.7943663345
26687,457658.5435580978
26688,633953.5080887158
26690,590817.4829431978
26691,71090.88879465743
26694,926237.3796144507
26697,206548.81418315825
26698,752743.5516699206
26700,12214276.885083076
26704,406909.55551059387
26707,919313.4104471039
26714,519352.0223102694
26715,1287282.9944830337
26719,508482.3267620485
26721,2946931.379209572
26723,4863758.532465211
26729,10848607.789044127
26730,107428.53177430993
26732,12541196.199540747
26734,1681399.1896371439
26736,740714.9827672949
26737,150361.07498210075
26738,199426.50512045063
26743,374737.896325435
26748,139788.06475349813
26749,611445.6385775653
26755,728354.5140719189
26756,1788087.4792923252
26762,266020.2635653109
26767,340105.1370947472
26768,683618.7355009844
26769,310273.7043728076
26772,855554.664095879
26773,875643.5479118635
26779,2634136.550963047
26780,1276935.4320960888
26782,172601.2279828
26785,901564.5318054756
26790,558956.7505542308
26791,8610370.376360359
26792,896033.742266836
26794,391909.9227316353
26800,905963.7963392523
26806,8765996.629463322
26808,479813.7584496159
26814,563154.7795596605
26817,914461.4207052933
26818,665958.2549926334
26819,383929.70523528504
26821,1486367.4940153197
26833,54596.87409937511
26836,1224909.8433973687
26838,1585909.366449941
26839,762201.4425362165
26842,638769.9648203565
26845,4040151.301290066
26847,443664.46765675256
26849,1099764.3232400105
26850,827642.7158095369
26851,238524.28686830628
26854,3872035.2597891614
26857,4208854.930194363
26858,189889.5634995234
26860,3366394.063042575
26861,4622592.565393578
26863,45808.169679325845
26868,1594363.0868936004
26869,54187.14372919017
26877,154217.2764893548
26878,173257.4692320351
26879,494189.2347639871
26885,6470252.766488006
26887,607473.5532291194
26891,515654.05388653406
26892,3125942.4895632993
26894,982180.4532974621
26895,668223.4634667234
26898,3649379.082839428
26903,313646.76575974433
26904,1602630.845420766
26909,1117418.67064997
26911,1117908.5729866961
26916,606448.0635488725
26917,150041.45349602582
26919,1714221.124030529
26934,288500.5963910878
26936,712766.1328928914
26937,528485.5088658301
26939,934561.7806545522
26941,4629634.368965413
26942,407431.50858454686
26944,1022081.0234527014
26945,495913.11462720914
26946,4212850.085892258
26947,3621642.20088017
26948,638843.8579605315
26955,1447651.4071023106
26956,634929.1817125719
26958,164847.99274329358
26959,1408445.766983143
26961,643217.7621691858
26962,4622592.565393578
26963,1815191.1187421414
26967,275201.50162094453
26969,987106.6910650088
26971,418352.1001497396
26972,731474.4830063579
26974,5728351.6603652015
26975,224405.2433291024
26976,710522.3168884146
26977,2246551.858149263
26980,302540.6328502441
26983,74002.36836461784
26984,452989.63341157325
26986,1122647.0264082167
26987,319621.9772932612
26988,551678.2136111867
26989,114335.47109660067
26992,3347650.710842061
26994,1995628.6375350528
26996,533312.2130769733
26998,590191.0670354147
27002,652898.7632480883
27003,10732803.829004982
27009,129235.758910121
27011,249574.23972539403
27013,4608849.43803851
27017,1227621.399965996
27023,946510.3080993906
27024,868611.4709321728
27026,72685.76093918852
27028,552574.4327571123
27029,799438.1845133884
27030,1372732.9810787986
27032,610912.0029799102
27034,570306.6151146202
27037,572945.6249463737
27041,571999.9152628673
27042,655468.7563981252
27046,1480528.5473092822
27058,479389.54515276756
27059,3771592.380464504
27061,1226713.78869679
27063,44457835.78356115
27068,532661.9731530659
27070,776992.1381468786
27072,678766.8895224709
27074,4108441.9720208617
27075,446110.7487301479
27076,1238849.3790770052
27077,300281.8748891726
27079,335009.44829876366
27080,401324.50098265824
27081,1045557.4831542561
27085,58577.933110023885
27087,533998.4374416613
27091,1434602.4305406795
27097,3628216.9650615095
27101,670654.202347794
27102,697257.0928038104
27105,23654046.63905195
27106,14978621.706814587
27107,4686734.319561856
27108,368574.72068766464
27113,331036.6687725171
27127,2794829.0040781507
27132,533767.975009517
27134,211377.80792301084
27135,512152.08615656814
27138,136820.7944401375
27143,1475416.2798665746
27144,588954.9250493186
27147,2025797.4650997669
27150,2528956.4651403157
27151,2124552.530959341
27152,1408142.2129406373
27155,581310.376410011
27157,562292.4153925467
27162,132983.47719050414
27164,415635.56561073486
27169,468573.3491904403
27170,1384576.0561616472
27172,1413620.0610546381
27175,680075.0897130049
27176,1440402.687061809
27177,1147636.8627741958
27188,3100420.2213604823
27190,4116843.712700069
27192,298056.99903914036
27195,3824342.9730899325
27196,611771.320249995
27198,869091.4450436787
27200,2404139.106160523
27202,820782.0612615766
27203,632872.2400427934
27206,294496.39380373206
27207,4080236.7100540744
27208,141833.49598573614
27211,333428.3075620032
27212,25855.23739192665
27213,367224.7345209633
27215,3054370.1602782356
27216,5012016.629531894
27221,513127.41790465673
27222,4379444.583158252
27224,4829033.093645612
27226,631646.8441906262
27230,293366.4827772733
27231,3398323.4010201492
27232,554044.9892854372
27237,80662.19610441124
27244,72216.2902794542
27248,303558.3522933657
27251,18373.652210172448
27254,401650.23191882734
27255,34895.53630368753
27257,1457827.2945942918
27262,459242.84055801964
27263,1085643.743685293
27265,589368.4289026413
27267,535949.8683470137
27268,158629.6457111394
27273,585601.1305573734
27277,668391.7190209007
27278,1108407.272596394
27279,247639.83802454773
27285,1065532.2119833217
27287,73461.62299044276
27288,763918.6021244137
27292,1358576.355293643
27293,234134.26240590875
27295,219968.26815409114
27297,6228509.8589435285
27298,2561914.4272735403
27299,325629.08602015337
27303,262197.8457821309
27304,76127.92995814979
27307,1173096.4043880205
27311,1467432.7749141636
27314,2734854.4748780285
27316,522242.66218453075
27317,1274617.9476732179
27318,641389.7343465239
27320,1185346.561844626
27324,232462.70609282522
27325,3027758.308520592
27328,822331.8167645498
27333,1675296.723416192
27342,32227.240906102437
27344,3079015.3369574533
27350,2539206.5450926665
27357,4197998.175438114
27359,566044.0752521815
27363,638416.449012119
27364,1365732.7809516476
27373,708095.1690842353
27375,980024.5783721961
27376,1230797.4423284046
27377,938989.9068065133
27378,5754757.383112029
27381,483298.6588541752
27389,445376.415504177
27391,1023722.3738557635
27393,1346071.6630535093
27394,4847827.467258083
27395,210154.21474193316
27397,747374.0606231665
27398,1018818.396848443
27404,191851.22932484845
27405,4110899.234863733
27407,54662.78184497818
27410,2943507.61812523
27413,223606.82726232515
27416,3664058.8060865067
27420,980024.5783721961
27424,548537.1067847289
27428,4926180.560444087
27429,52446.34522517951
27433,767728.4707732883
27442,749240.0477697423
27444,518683.341457809
27451,8970904.961805416
27455,7868941.064201241
27459,943247.0498419709
27460,3907267.8917025393
27462,471827.3460593963
27463,149196.06888031316
27464,176255.9391126961
27473,299466.1776651257
27476,164847.99274329358
27477,659956.7787406977
27478,966627.2967442352
27479,599894.2885220248
27483,175464.94519104107
27487,400533.53467336076
27488,226241.29885533586
27489,262426.02410575515
27490,542879.5942627446
27491,642061.6553793709
27493,1515208.0975202098
27496,6276046.683227456
27507,21600179.21650248
27518,1644663.0535327396
27519,1236132.1118270133
27521,822625.1233507383
27522,562355.1454876561
27525,4555894.446209042
27527,2734854.4748780285
27531,640131.044606861
27533,23874869.165483795
27538,4177101.062262089
27542,6421812.877117716
27545,802656.0460230792
27547,4566463.048485588
27548,852087.9120486483
27549,5710782.494600516
27553,1340740.5180291487
27554,656013.9186289764
27557,1727670.017129077
27558,499403.71890238614
27559,2374183.1561744576
27560,461499.96123996814
27563,1676903.6883714325
27565,4480786.780234779
27566,2024332.04765153
27567,3807326.5219922005
27568,302276.64129326434
27570,225012.16995472476
27571,217348.7084365526
27575,3997846.3815451404
27576,654787.3804582863
27579,1245006.836028077
27581,88939.69781057886
27585,136228.74835267823
27589,527189.0454316533
27590,3881512.0891062757
27596,606029.1105391372
27597,370705.1301187002
27599,578125.0319887119
27600,1079015.1511044549
27602,3926791.4101086557
27603,732899.3198030784
27608,739982.991087307
27611,528722.0329568244
27613,332221.95299817895
27614,516817.87558398023
27618,672000.3678796183
27622,461291.6801989304
27624,336716.01785683294
27626,612462.9721124913
27629,361785.2705173755
27632,4197550.211071224
27633,1271997.710038616
27634,584502.0918461047
27637,459974.3645748848
27638,118195.24107988105
27642,140749.58529754455
27643,4004036.2065464472
27652,4086526.708716847
27659,944154.9838542538
27660,1020967.3704167542
27662,482066.855741219
27665,1751859.6155491814
27670,57710.75686116576
27671,644524.8687823936
27677,2498496.5929448335
27678,1842439.8923802287
27682,499786.09654683236
27683,417376.0176367898
27685,664075.2519438111
27686,1471064.640448304
27697,4061986.3392936913
27699,1166787.2261357205
27700,26612832.34630394
27703,2539279.7501610317
27704,480818.59019274946
27708,583732.3116067577
27715,3951772.051284711
27716,1767126.6179212488
27717,938819.9565798009
27718,171163.49364910138
27721,2622518.9384589056
27722,642788.0299018708
27728,556017.5625874237
27729,2374183.1561744576
27730,19540.181279034634
27732,2056236.7762450916
27737,604952.911811311
27741,593513.117572203
27743,728432.669194758
27745,500768.766386341
27751,4129093.4643013077
27753,525659.9791704492
27754,1048261.2412139548
27757,794974.5454653216
27762,547911.0523766865
27763,334567.5679530171
27765,538587.409901649
27771,1497615.1833122785
27779,588667.5850747193
27781,953013.4092163357
27785,10208340.021235347
27786,229388.20065863727
27788,216431.6870666638
27789,420100.9511630099
27791,454088.69576054224
27793,12467802.83816893
27799,2086114.6214060553
27805,630436.8550383264
27808,707278.5486744652
27812,1942216.1649775945
27815,1505296.1626128368
27816,315293.82519771706
27817,1345214.8661899616
27818,629356.0551088678
27819,164910.68073982673
27820,476740.150250099
27824,29489884.06430211
27825,1200754.5655250864
27826,1476563.5365355327
27832,230205.00662603189
27839,3618155.950196686
27840,221146.11488822996
27843,1245671.8872430192
27848,192166.2989451367
27850,313684.0628565339
27853,1149473.782334941
27854,906092.794586871
27857,177726.22913599093
27862,1680511.3535804455
27864,654727.0795688443
27865,370489.0911942683
27866,721166.6382690767
27870,595649.5142952977
27872,872640.6738963525
27873,10771916.379424969
27874,288859.8332220726
27878,1115733.2962530009
27879,1066099.088728732
27881,975690.028097932
27889,1091832.5322647176
27890,3967170.5336865075
27893,1426442.093380511
27898,987140.8057599484
27900,382932.1356902933
27909,442428.9505207057
27918,3872854.8880401785
27921,188324.44153934377
27940,30082.641709206928
27941,4030943.741548865
27946,2516676.431154491
27947,826392.3967089001
27948,465236.99113247235
27949,793840.9052023173
27952,714572.134373769
27955,3954288.816677059
27959,638654.8447777977
27960,2992755.164593928
27962,740630.7880737992
27964,583424.4042644643
27968,7352854.872242855
27973,231664.9358600974
27976,572623.8217868794
27981,1077004.9480717096
27984,385067.65684319375
27985,1701769.0845602169
27986,4444698.295523498
27990,331236.7542549451
